No.,２．内容・教え方・テキストについて,３．学んだこと・気づき・心がけ・知ったこと
1,青森県社会経済白書を研修で初めて読んで、自分が普段の生活でなんとなく感じていることにまつわるデータがグラフで可視化されており、興味深かった。グラフの作成演習では、テキストにエクセルの操作手順が細かく記載されていて操作に不慣れな自分でもグラフを完成させられた。わからないことがあっても補助の方が複数人いて声をかけやすかった。,データ収集の手順のような基本的なことを学ぶことができ、また、演習を通じて、集めたデータから地域課題を可視化することをを体験できた。今後、提案をするときなどは、データ分析の手法を用いた説得力のある説明を心がけけたい。
2,特に地域課題の可視化とEBPMはグループワークも含めておもしろかったですが、理解できていない部分も多かったのでもっとここに時間を割いていただいてもいいのかなと思いました。,グラフ作成、重回帰分析は取り入れられる気もしたのでとりあえずチャレンジしていこうとおもいます。
3,・最後の相関関係の演習は、非常に実践的でためになりました。メンバー同士で分析方法や着眼点についてより深く議論したかったため、午後をすべて演習に充てるなど、時間を長めに確保していただけると嬉しいです。その分、午前の経済白書の講義パートを短縮しても良いかと思います。・グラフを多用する白黒資料のため、講師の方が「このグラフの青い部分～」とおっしゃっても色の識別ができず、スクリーンだと見えにくいこともあり、経済白書のカラーのグラフを探している間に講義を聞き逃してしまうことがありました。研修の性質上、資料はカラーでご提供（または事前データ共有）いただけると、より理解が深まると思います。,複合グラフの作り方がとても勉強になりました。細かなテクニックまで教えてくださったので、今後業務に活用していきたいです。
4,・「１.青森県社会経済白書で見る本件の現状」の配付資料はグラフが多いのでカラーにしてほしかった。（資料だけではグラフと凡例との見比べが非常に難しい）・「１.青森県社会経済白書で見る本件の現状」の講義内容は折角勉強になる良い内容ばかりだったが、講師の説明スピードが早く、メモが追いついていない受講生が周りにたくさん居た。スライド毎に一拍“間(ま)”を入れるなど、もう少し配慮があれば良かった。,・「３.地域課題の可視化とEBPM」では大字・小字ごとの人口推計（集落ごとの世帯状況）、コーホート人口推計が今後の業務に活かせそう。非常に参考になった。
5,もう少し演習の時間があれば嬉しいなと思いました。テキストの内容に関してはわかりやすく、演習のときも参考にしながら進めることができました。,今後資料を作成する際に必要となる根拠をどこから持ってきたら良いか、また、その根拠の探し方などを学ぶことができました。感覚や聞いたことがある、というのを根拠にせず、しっかり調べてデータを集めた上で提示できるようにしていきたいです。
6,【研修内容】1日を通してインプットしたことを最後にアウトプットする流れが理解につながってよかった。社会経済白書の講義と統計データ収集と可視化の時間が長く感じたため、その分の時間をEBPMの説明に充てるとよりよいと感じた。e-statや青い森オープンデータカタログの存在は知っていたが、ファイルとDBの違いなど検索方法のほかにより詳細な使い方が分かればよりよかった。【資料について】社会経済白書の資料は白黒印刷のためグラフを確認しづらかった。白書本体のページを確認しながら講義を受けた。,Excelの棒グラフの合計値の表示方法や複合グラフの作り方を初めて知ることができた。今の部署で作成している資料は表にとどまりグラフを作って来なかったが、今日学んだ知識を使って相手により伝わりやすいように可視化してみたいと思った。地域課題の可視化の講義では、「町の祭りを継続することが最善の策なのか」という問を投げかけられ、はじめは少し冷たい印象を持ったが、目的に応じてあくまでデータに基づいて考えるというEBPMの基本的な考え方に気づくことができた。
7,最後の演習はもう少し時間があってもよかった。,研修の名称を変えた方がよい
8,最後の演習にもう少し時間をとってもよかったのではと思った。研修名もEBPMの文言を入れてもいいと思う。,データ分析やそれを利用して事業に活かすことを心掛けていきたい
9,第三部で取り扱った相関の内容や使い方についてもっと教えていただきたかったです。,Excelを操作して重回帰分析する方法を理解し、t値とp値を見てデータが統計的に優位か判断することを学びました。
10,実際に青森県の統計データを活かして、どのような仕事に使われているかという説明があれば、より統計データの分析をする意味への理解が深まったと感じた。,仕事をしていく上でEBPMは大事なことなので、とくにエビデンスの部分は大切にして今後の業務に活かしていきたい。
11,講師の話すスピード速く、メモするとついていけない時がありました。分からない事項を質問する時間がなかったので、質問や受講者と意見交換する時間を設定してほしかったです。,普段何気なく読んでいるデータの意味や見せ方のテクニックについて、これまでは特に意識していなかったが、今後は意識的に取り組むことにしたい。
12,研修内容について、もっと青森県の現状について着目するものだと思い受講したが、実際はデータ収集・分析が主であり、当初の研修目的は果たせなかった。今後も同様の研修内容とするならば、研修タイトルの変更を視野に入れるべきだと愚考する。また、時間の制約に対して研修で求める内容が多すぎる。フィルターや関数を受講者の手入力に頼る手法は、十全の講義時間が確保できてこそのものであり、今回の研修にはそぐわない。最後に、白書から見る本県の現状については、中途半端であると感じた。概要としては説明が過剰であり、解説にしては不足している。グラフも単なる抜粋ではなく、白黒印刷でも見やすいよう改善してもらいたい。,経済白書を通して見る青森県の現状とその分析を聴き、改めて「若者が、未来を自由に描き、実現できる社会」を考える良い機会となった。また、統計データの収集に役立つサイトと、それらのデータから将来を推計・分析するためのコーホート変化率法や回帰分析等を新たに知り、地域課題について考える際の視点が広がった。今後は、地域の現状に対して効率的なデータ収集と多角的な分析を心がけたい。まずは、自分でも白書を読んでみて、気になる分野について分析することから始めようと思う。
13,グラフ等を用いる研修だったので、資料はカラー印刷の方が良いと思いました。,思い返すと、事業立案時には過去の経験や、特定の職員の意見が重視されてきたように思いました。より有効な事業立案に向け、データを使いこなすスキルを磨いていきたいと思います。
14,終盤、少し駆け足気味になってしまっていたので、もう少し丁寧な説明が欲しい。グラフの作り方は本当に参考になりました。パソコンを使用するのであれば、パソコン教室を使用するなど環境を変えて欲しかったです。,課題の解決や、アイデアの発想などに、データ分析を活用していきたいと思いました。今度は、応用編で研修を受けたいです。
15,データを色々掲載していただいた資料はありがたかったのですが、グラフが多く掲載されてる資料は、カラー印刷の方がより分かりやすくて、研修効果も高まるのかな、と思いました。,EBPMの大事さや、グラフ作成方法などが新たに学ぶことができて勉強になりました。
16,演習の相関関係を見つけてみようで時間が足りなく、個人的に満足いく実習が出来なかったので、時間を見つけて復習し、研修内容をしっかり身につけたいと思います,学んだ知識や技術を今の業務に活かせていけるよう考えながら業務を進めていきたい
17,机のスペースがもう少し広ければ良かった。,統計の活用の仕方が学べたので、今後の仕事に統計を大いに活かしていきたい。
18,事務的な面での問題点- PCのログインに要するパスワードに関して、教室白板の表記にミス有（大文字・小文字）- 会場に用意されているPCのネットワーク接続が講義開始前に確立されていない- Excelが必須の講義でExcelが開けないPCが配備されている明確に時間のロスです。事前確認があれば防げた問題だと思いますが、防げないものなのでしょうか？講師の教え方- 必要十分でお話いただいたが、質疑応答の時間がないｰ「PPTのノートに書いてある文章の読み上げ」であって、プレゼンではないテキスト- 誤植が散見されたので、来期に向けて一度見直しいただきたい,学んだこと- 青森県のざっくりした問題点（もう少し細かいものを勝手に期待していたのですが、概略に関しては資料頂戴できてありがたいです）ｰ データはデータとして、ゴールを決めるのは人間
19,データを用いて青森について知るという内容で、座学だけでなく実践でエクセルを使い、実用的な内容だったので良かった。教え方は大変丁寧で満足でした。,市民税課として、市民や職員にわかりやすく図示した方がよいことが今後あった場合、積極的にグラフや図を用いて根拠付けることで効果的に説明したいと思った。
20,内容自体は良かったのですが、研修の題名から想像していた内容と異なりました。想像していた内容は、青森県の漁獲高、新規就農者など具体的に、青森県内の統計結果について広く話し、そのデータを一緒に分析するのだと思っていました。これは私の思い込みでしたので仕方ないと思いました。それはさておき、講師はやはりプロにお願いしたほうがわかりやすく、時間の配分やファシリテーションが上手なのではないかと思いました。研修内容はとても目新しく面白いと思うのでぜひ継続していただけるといいと思います。余談ですが、統計課相馬主事の講演はとてもわかりやすく、時間の配分ペースがついていきやすかったです。,これまで感覚的に捉えていた県の状況について、統計データを用いてのグラフ作成や、重回帰分析などの手法について、実践を交えて体験することができました。収集したデータの可視化、相関は今後業務で活かせるものと思います。
21,青森県社会経済白書を使っているので、EBPM自体には興味がなくても面白く聞けます。白書と現在とは2年のずれがあるが、実感を数字で表わすとどうなるかが分かって良かったです。,研修生の皆さんグラフを書くのが早いですね。今後は、データがあったらまず時系列グラフを何本か引いてみること、複合グラフは今回習った方法で書いて見ること、分析ツールを使って見ることで、地域の現状を手早く把握したいと思います。
22,講師の皆様のご指導、テキストや資料は満足しております。研修内容は、自身のExcelの知識が不足しており、技術を身につけるまではできませんでした。,本研修を受講したことで「個々人のエピソードや、ステレオタイプなストーリーに流されず根拠に基づく政策立案」を意識することにつながると思います。
23,統計については、業務で扱う機会がなく前提知識も十分ではなかったため、講義や演習の内容を理解するのが難しい場面がありました。特にコーホートについては理解が十分に及ばず、今後あらためて学び直したいと感じました。一方で、テキストは内容が分かりやすく整理されており、復習や業務で必要になった際に見返す資料としても役立つと感じました。,これまで統計データを活用した経験がなかったため、データの収集方法やグラフの作成方法について、実践を交えながら学ぶことができ、大変貴重な経験となりました。今後、データを活用する部署へ異動する機会があれば、研修で学んだ知識や手法を生かし、データに基づくエビデンスを踏まえた政策立案に取り組んでいきたいです。
24,基本的なグラフの作り方を丁寧に資料に載せてくれたので資料を見ながら作ることができた。講師の方もゆっくりわかりやすく説明してくれたので、わかりやすかったです。,統計を扱う部署に行った際には、e-Statを活用して既存のデータからまず探してみようと思いました。私は恥ずかしながらExcelに関する知識がほとんどないので、今回の研修の内容を十分に理解して活用するにはもう少し時間が必要だなと思いました。今回の内容を使えるようになれば日々の仕事はかなり楽に進めることができると思ったのでこれからも仕事をしていきExcelにも慣れていきたいと思いました。
25,研修内容については、統計分析を未経験であっても理解することが出来た。講師の教え方やテキスト、資料については難し過ぎず、注釈もあり、分かりやすかった。,統計分析にあたり、相関分析や回帰分析など具体的にどのような手段で行われているか知ることが出来た。また、分析結果に対して、原因や対策を考えるにあたっては、様々な方向から多角的に考えることの重要であることに気づくことが出来た。
26,座学と実技共に1日で受講できる内容にまとめられていて、要点を学ぶには十分だと感じました。1部について、EBPMの観点で資料を読み解く術を述べられていることに理解はできたのですが、読み上げのようになっていたので受講資料が白黒であったことから読解の速度が追いつけませんでした。資料は受講者が印刷して持参することも検討していただけると助かります。,統計分析のもとになる資料が初めて知ったものもあり今後の業務に活用してみます。
27,統計関係の業務を担当したことがなかったため知識がなく、また、パソコンの操作方法などにも不安がありましたが、わかりやすくご指導いただけて理解が深まりました。,これまでは収集したデータの活用方法がわからず、そもそもデータの収集はどのようにやるのかわからないという状態でしたが、データベースの存在や分析方法などを知ることができました。
28,コーホート変化率、相関のあたりでちょっと付いていけないスピードでしたが、考え方や使い方などは分かりました。,グラフを使って一目でわかりやすく、相関で分析する事で問題点を発見解決できるという事が分かりました。これから町を良くするために役立てたいと思います。
29,スクリーンでは色別の解説をされていたが、手元の資料はモノクロのため、色の違いが判別できなかった。本研修はグラフ等を多用しているので、配布資料もカラーにしていただければ資料でも受講しやすいと思う。,データに基づく現状把握や未来予測が、エビデンスに基づく政策立案に不可欠であると学んだ。特に人口推計の具体的な算出法は新たに知る知識であり、統計データの持つ重要性を深く認識する契機となった。分析作業については操作スキル不足により作業に遅れてしまいがちで、周囲のペースや講師の進行想定についていくのに苦慮したが、講師スタッフの巡回と操作フォローが手厚かった。
30,丁寧な講師の説明と職員の細やかなサポートで、充実した研修でした。資料のグラフがカラーだと、より振り返りやすいと思いました。,今回受講した内容（データを可視化する方法）を、できるところから今後の業務に積極的に取り入れていこうと思いました。
31,「よくわかる青森研修」というタイトルであったが、普段の業務であまりデータ分析を行っていないこともあり、想定していたよりもレベルが高く、研修の流れについていくことに一苦労でした。講師の教え方やテキスト資料についてはまとまっており良かったと思います。また、青森県社会経済白書も頂戴できたので、業務の合間に読みたいと思います。,これまで使ったことのない「コーホート変化率法」や「相関係数」や「回帰分析」等、今後の業務で活かせそうなスキルを学ぶことができ、研修に参加してよかったと思います。忘れないうちに復習し、業務に活用していきたいと思います。
32,資料は説明がしっかりしていたので、大変わかりやすかった。グラフなど慣れていない受講者が時間がかかっていたので、もう少し説明のステップを細かく刻んで、スライドを増やして詳しくした方が、講義全体の時間効率が良いと思った。インターネット用パソコンは、マウスが無いために操作がしづらかった。机のスペースに対して、作業パソコンやインターネットパソコンが並ぶために狭く、環境はあまり良くなかった。ただし、ギリギリなんとかなる範囲でもあった。講師の教え方は、特に問題は無かった。躓いている人に対して、ちゃんと教えている様子が見られたので、しっかりやっていた。,統計の内容、e-statの紹介と使い方、グラフの編集が興味深かった。グラフはアカデミックな方面とは全く異なるものであったが、この分野におけるスタイルを学ぶことができて参考になった。e-statでは字単位で人口構成がわかるのに驚いた。必ずしも自分の研究や業務に直ぐに流用できるわけではないが、新たな知見を多く得ることができたので、咀嚼して活用を進めていきたい。
33,白鳥 昌平 講師、相馬 雄祐 講師及び藤本 月花講師には、親切且つ丁寧に御教授いただくとともに、ボリュームのある資料を御提供いただき、大変感激しております。本当にありがとうございました。誠に恐縮なのですが、今後とも御指導御鞭撻を賜りますよう何卒よろしくお願い申し上げます。,根拠（データ解析結果）に基づく政策立案（EBPM：Evidence-Based Policy Making）の基礎について学ぶことができました。
34,・データの収集方法から活用まで一通り学べてよかったです。分からない点も、すぐご対応いただきありがとうございました。・グラフの作成方法の資料は、新採用の職員に伝える際に活用したいと思いました。・データを活用するために整える作業に特に時間がかかってしまいました。・また、経済白書を配布いただき、ありがとうございます。業務の参考にさせていただきます。,・相関係数や回帰分析については、耳にしたことがありましたが全く分かっていなかったので、大変勉強になりました。今後の業務に活かしたいと思います。
